October 31 Days of Halloween Movie Marathon,,,,,,,
Total Runtime (Mins),Total First Watches,Total Rewatches,,,,,
3300,18,13,,,,,
,,,,,,,
Date,Day of Week,Movie Title,Release Year,Runtime (Minutes),Viewing Status,Weekly Theme / Category,Notes & Rationale
Oct 1,Thu,Sleepy Hollow,1999,105,First Watch,Week 1: Cozy Autumn & Nostalgic Folklore,"Tim Burton's mist-drenched, jack-o'-lantern-heavy gothic mystery; autumn kickoff"
Oct 2,Fri,Ghostbusters,1984,105,First Watch,Week 1: Cozy Autumn & Nostalgic Folklore,"Peak 80s practical effects, comedy, and spectral thrills for Friday night"
Oct 3,Sat,The Village,2004,108,Rewatch,Week 1: Cozy Autumn & Nostalgic Folklore,"Autumn foliage, isolated community folklore, and woodland mystery"
Oct 4,Sun,Wallace & Gromit: The Curse of the Were-Rabbit,2005,85,Rewatch,Week 1: Cozy Autumn & Nostalgic Folklore,Cozy Sunday stop-motion celebrating harvest vegetables and classic Hammer Horror
Oct 5,Mon,Monster House,2006,91,Rewatch,Week 1: Cozy Autumn & Nostalgic Folklore,Breezy childhood neighborhood lore and haunted architecture
Oct 6,Tue,Tremors,1990,96,First Watch,Week 1: Cozy Autumn & Nostalgic Folklore,Tightly paced creature feature; pure desert monster fun
Oct 7,Wed,Happy Death Day,2017,96,First Watch,Week 1: Cozy Autumn & Nostalgic Folklore,"Fast, inventive time-loop slasher"
Oct 8,Thu,The Howling,1981,91,First Watch,"Week 2: Practical Blood, 80s Camp & Claws",Joe Dante's landmark 80s werewolf classic with iconic practical transformations
Oct 9,Fri,Re-Animator,1985,86,First Watch,"Week 2: Practical Blood, 80s Camp & Claws",Stuart Gordon's unhinged Lovecraftian splatter-comedy; midnight movie energy
Oct 10,Sat,Bram Stoker's Dracula,1992,128,First Watch,"Week 2: Practical Blood, 80s Camp & Claws","Francis Ford Coppola's lavish, operatic gothic spectacle"
Oct 11,Sun,Sinners,2025,125,First Watch,"Week 2: Practical Blood, 80s Camp & Claws",Ryan Coogler's period southern gothic supernatural thriller
Oct 12,Mon,Children of the Corn,1984,92,First Watch,"Week 2: Practical Blood, 80s Camp & Claws",Agrarian folk horror; harvest rituals and Nebraska backroads
Oct 13,Tue,Night of the Living Dead,1968,96,Rewatch,"Week 2: Practical Blood, 80s Camp & Claws",Claustrophobic bedrock of modern zombie cinema
Oct 14,Wed,The Hills Have Eyes,1977,89,First Watch,"Week 2: Practical Blood, 80s Camp & Claws","Wes Craven's raw, stripped-down desert survival horror"
Oct 15,Thu,Invasion of the Body Snatchers,1978,115,First Watch,Week 3: Psychological Paranoia & Suspense,Masterclass in slow-burn paranoia and urban dread
Oct 16,Fri,Green Room,2015,95,Rewatch,Week 3: Psychological Paranoia & Suspense,"White-knuckle, hyper-intense punk-rock survival siege"
Oct 17,Sat,Scream,1996,111,Rewatch,Week 3: Psychological Paranoia & Suspense,Wes Craven's sharp meta-slasher royalty
Oct 18,Sun,Rosemary's Baby,1968,137,First Watch,Week 3: Psychological Paranoia & Suspense,"Slow-boiling psychological dread, gaslighting, and domestic witchcraft"
Oct 19,Mon,Eyes Without a Face,1960,90,First Watch,Week 3: Psychological Paranoia & Suspense,"Poetic, haunting French gothic horror (inspired Michael Myers' mask)"
Oct 20,Tue,Donnie Darko,2001,113,Rewatch,Week 3: Psychological Paranoia & Suspense,"Late-October suburban angst, surreal countdowns, and autumn melancholy"
Oct 21,Wed,Scary Stories to Tell in the Dark,2019,108,Rewatch,Week 3: Psychological Paranoia & Suspense,"Halloween 1968 setting, haunted folklore, and creature nightmares"
Oct 22,Thu,Poltergeist,1982,114,First Watch,Week 4: Haunted Ground & Occult Dread,Definitive 80s suburban haunted house landmark
Oct 23,Fri,The Conjuring,2013,112,Rewatch,Week 4: Haunted Ground & Occult Dread,Modern haunted-house engineering and relentless tension
Oct 24,Sat,The Wailing,2016,156,First Watch,Week 4: Haunted Ground & Occult Dread,"Immersive Korean occult masterpiece of infection, doubt, and malice"
Oct 25,Sun,"It's the Great Pumpkin, Charlie Brown + Over the Garden Wall",1966 / 2014,135,Rewatch,Week 4: Haunted Ground & Occult Dread,Official Pumpkin Carving Night: double-feature ritual with autumn leaves and harvest spirit
Oct 26,Mon,Train to Busan,2016,118,Rewatch,Week 4: Haunted Ground & Occult Dread,"Kinetic, high-velocity zombie survival thriller"
Oct 27,Tue,Colony,2026,100,First Watch,Week 4: Haunted Ground & Occult Dread,Tense quarantine outbreak siege keeping adrenaline high
Oct 28,Wed,Hocus Pocus,1993,96,Rewatch,The Finale: All Hallows' Eve,Nostalgic Salem comfort food & witchy celebration leading into Halloween weekend
Oct 29,Thu,Exhuma,2024,134,First Watch,The Finale: All Hallows' Eve,"Ancestral curses, shamanic rituals, and unearthed graves"
Oct 30,Fri,Trick 'r Treat,2007,82,First Watch,The Finale: All Hallows' Eve,"Devil's Night: Anthology honoring Halloween lore, traditions, and Sam"
Oct 31,Sat,Halloween,1978,91,Rewatch,The Finale: All Hallows' Eve,"All Hallows' Eve: The undisputed holiday classic, synth score, and the Shape stalking Haddonfield"